Token,Rank,Address,Balance
WINTER-5bade0,1,erd1c2x73evg5dq3f5n4n6dpw9nu4gycdg4empjphwn33g9akqalzk3qhagq53,8000000000000000
WINTER-5bade0,2,erd1z4cf4kw72ajkkdahdprp2e42fzldnkljngtvzxfxn26myyxw7nfq4rmvjm,2000000000000
WINTER-5bade0,3,erd1xm9lrlu9y5kmvfk9j3rdssnxrcz0r9tyxqp4enhgxteqrwlt5v4qucfpc6,2000000000000
WINTER-5bade0,4,erd16pxpj0tpxnzqlex2635wlehunskz5l8fxge5c70f780gt76vf2mq0xgxd2,2000000000000
WINTER-5bade0,5,erd1kyle4p6chlvj0u6fyds7wj47jqwq6kh9h083kw8j76254l8u49dqepfz86,2000000000000
WINTER-5bade0,6,erd16nlhrnlm30qkpy8q52u95aaw0gjtx33xmlp62g5p4kj4mje04drq5y2tlw,2000000000000
WINTER-5bade0,7,erd1wegmdww3zslnf6l9n24h3rlsan67cparcn58ezhxjwvf34mrwgpqmcltu8,2000000000000
WINTER-5bade0,8,erd1hpu42hjnx6hm8fjv48cff2qmmqwjh7w3wzf00v2m538w5x2jcnpqhgsggr,2000000000000
WINTER-5bade0,9,erd1awmdrmcw9xmku42zv30u0md0ynpjd46eq0g6r75fnkugu54g5ctqkc5n8v,2000000000000
WINTER-5bade0,10,erd194sdjy8anx3v38vmr7g7r034y4e0276wndf8u70dxe2zmnfjyddq6erkqa,2000000000000
WINTER-19817c,1,erd1uwjda6nulq8fk8v6zfyl7nphqqq86sd0k63yfnctjppv6evn044qwhfq2k,8000000000000000
WINTER-19817c,2,erd1qeaaqs6tkfndkqlnygvrwerxtn8tmyzzgg6696lc77rfeevr078q908678,2000000000000
WINTER-19817c,3,erd194sdjy8anx3v38vmr7g7r034y4e0276wndf8u70dxe2zmnfjyddq6erkqa,2000000000000
WINTER-19817c,4,erd1awmdrmcw9xmku42zv30u0md0ynpjd46eq0g6r75fnkugu54g5ctqkc5n8v,2000000000000
WINTER-19817c,5,erd17f9p03mzzlp6uaarr8cug8j7fd44v8u7wuj5d9yry8ddptkxfm0q6ukmel,2000000000000
WINTER-19817c,6,erd17vhjpyakh7zjpr9f9ac4s0aq4x7fdm0j92kne7w8z8ll2g7vxp9qjsd8z3,2000000000000
WINTER-19817c,7,erd16pxpj0tpxnzqlex2635wlehunskz5l8fxge5c70f780gt76vf2mq0xgxd2,2000000000000
WINTER-19817c,8,erd10n6dcs4es0wt4eu7nwh4lkuuvz42lnqdx5tfzs2zsqk0v2qvjrhqprx7vd,2000000000000
WINTER-19817c,9,erd1d2aj3elf4tmvapx4rym5cmdd2wsw3qfvzgk0r0nzx7ryxkjh8u9qpjxvj7,2000000000000
WINTER-19817c,10,erd1asqstw683ffsse0qmqyf9fefjgerpksjhxv4cgwpmth4a53dqseqkdgezz,2000000000000
WINTER-0387bf,1,erd18tzn48u64jvlgcy8rcuzu4nhqez6xlwzqm4s0kj9qxjzep02klpquxlmtr,8000000000000000
WINTER-0387bf,2,erd1kyle4p6chlvj0u6fyds7wj47jqwq6kh9h083kw8j76254l8u49dqepfz86,2000000000000
WINTER-0387bf,3,erd194sdjy8anx3v38vmr7g7r034y4e0276wndf8u70dxe2zmnfjyddq6erkqa,2000000000000
WINTER-0387bf,4,erd1dzcrux7jq58us6hjpah9wdu947pk6t45swpvl6tjsqf85hvm9zeq7z34nf,2000000000000
WINTER-0387bf,5,erd1hpu42hjnx6hm8fjv48cff2qmmqwjh7w3wzf00v2m538w5x2jcnpqhgsggr,2000000000000
WINTER-0387bf,6,erd10n6dcs4es0wt4eu7nwh4lkuuvz42lnqdx5tfzs2zsqk0v2qvjrhqprx7vd,2000000000000
WINTER-0387bf,7,erd1c0qt7lxfu8fpc7gxt5y3d6s8eyhdf8gtvpyppu32zqudql9p2s9qftsyr9,2000000000000
WINTER-0387bf,8,erd18t6gkyxe0zt6cq7h47mr58gpqmvuxq2jkct4uqk3vaxfw9myd3aqx8rsv6,2000000000000
WINTER-0387bf,9,erd1msuv7txq2lk7y38xrt8qvvvp7fyq7p7a9c0x2yr3hl6p04j58n9q55yqr4,2000000000000
WINTER-0387bf,10,erd10zw5f9ukpgw355u3yyu8k8qqqlw9ztpyzpd42taghl23znm46r5sxpzu6s,2000000000000
WINTER-187bd2,1,erd1lj064fsgwcru0yr0rzlf02l9s7twtd7ef2v53l00hfcrk4hr7dfsglwy39,8000000000000000
WINTER-187bd2,2,erd1usluefsy6tmynmquptfc2zwf3zxymg9cmskpwzz9cknf5u89ajysfpr6gv,2000000000000
WINTER-187bd2,3,erd1wwwuptqcvz7ens5pah9zfuhl7klltllga62qzdxp9850m4jusaaseadlex,2000000000000
WINTER-187bd2,4,erd19za77n4lunnuudnjsfa87ctus6nrxc4uyn4y4zh7lww9u4rd3j7slvgmnp,2000000000000
WINTER-187bd2,5,erd13duqp5czapas2sfgx2guewkcn8gwfpcrnnxe36qmacm8lz29ardsy5qpfj,2000000000000
WINTER-187bd2,6,erd1umdm7fy4fjpmc4gtz2wdz8t0p3nlt88n4gnal2y844unuk8c85rsyfwd3z,2000000000000
WINTER-187bd2,7,erd1x45vnu7shhecfz0v03qqfmy8srndch50cdx7m763p743tzlwah0sgzewlm,2000000000000
WINTER-187bd2,8,erd1kc7v0lhqu0sclywkgeg4um8ea5nvch9psf2lf8t96j3w622qss8sav2zl8,2000000000000
WINTER-187bd2,9,erd13xsdkqytfuthgfaq867sr0n5sxhvn0twmmlkrd8c29ltvw59d27s2dud48,2000000000000
WINTER-187bd2,10,erd1c579aq6kjkhar6cyx8qm9k9wettxjcf3jncduwe0pllqx0rlczfskg3vk2,2000000000000
WINTER-638a11,1,erd1570n8uaczgf8adkp7weqsufs2phqndszz5nspzqq8dna06avlf2q034v6l,8000000000000000
WINTER-638a11,2,erd1z24a6g3t9j3l04cc9rmvrrj3mefuwa0u9434nth6m7tjuf62m8csmtq8up,2000000000000
WINTER-638a11,3,erd1n493ddp0v465e3qm80a56sjmxpcnd0humkz4fjmu8ph9heskh2usvetm78,2000000000000
WINTER-638a11,4,erd1rc5p5drg26vggn6jx9puv6xlgka5n6ajm6cer554tzguwfm6v5ys2pr3pc,2000000000000
WINTER-638a11,5,erd1nc72387sjaue8mhm0r6vgseedjf3vkyw499k7ucauu7u73gc7crs4l56fm,2000000000000
WINTER-638a11,6,erd1ksz47exjllcwrrme7k3lhql5554wnkrx8ayl9kqggpwyqrt27xes87z8tk,2000000000000
WINTER-638a11,7,erd1kv5mkar6fvt6vhqj7evfqr9jnmmlqps3q9dp0t0gr9tcpqupyrsshlnvd0,2000000000000
WINTER-638a11,8,erd1djapuvw2prv3zkfzgrc7lfp3gl9c6dr95k5lwhw2ztzffhrgzqyskc6reg,2000000000000
WINTER-638a11,9,erd1y2mpnxz5r44k8augvgymmj4xdkz985285zhyhmleekkvzdjl989stv8dll,2000000000000
WINTER-638a11,10,erd1pwx89w2f6zgmjaqjveyp0v4fx32jgvx5l69r8gw27f50xqvgv5sqfmmq69,2000000000000
WINTER-02c741,1,erd1422hlml6w2t2lfvswgyv03de058kps3n4m8m0cnxgqdrh5m4egkq8zeya6,8000000000000000
WINTER-02c741,2,erd1rg428w3kgxhkklmwwjsen252gszhaydwqlaeh7lxq43cw46ljfwqtr3jwe,2000000000000
WINTER-02c741,3,erd1g65ux8kuq9xv34f5hczdch398sp79zf75tezzalhnr2m0rmmlhkq7k983d,2000000000000
WINTER-02c741,4,erd1sp0aaszznqnuvyvkmxkv2ultcvlf637c093sfc26dszks60jdqsqy2knqu,2000000000000
WINTER-02c741,5,erd1an4xpn58j7ymd58m2jznr32t0vmas75egrdfa8mta6fzvqn9tkxq4jvghn,2000000000000
WINTER-02c741,6,erd1q9xj4uqrfy9ge6n7lefn24qfa78pqd9q5dlc2fj8yv79smtdf9qqcglc34,2000000000000
WINTER-02c741,7,erd15evfldnwwkuc00fm73jl242unnahpvv4wxac2s53nm8m8xjs8tjqz36qzy,2000000000000
WINTER-02c741,8,erd18s6a06ktr2v6fgxv4ffhauxvptssnaqlds45qgsrucemlwc8rawq553rt2,2000000000000
WINTER-02c741,9,erd1eq2d9lyj0nverghd7ssk8hgf22wrt64l88w2lwjr9mn23nwpjgpqt9pmql,2000000000000
WINTER-02c741,10,erd1ef6470tjdtlgpa9f6g3ae4nsedmjg0gv6w73v32xtvhkfff993hq750xl9,2000000000000
WINTER-450095,1,erd1yrdtj8q2295xzm0a9q6ejug3dvlxg9v4srup8xuqnhg3yzm5hakq8m26vk,8000000000000000
WINTER-450095,2,erd1pwx89w2f6zgmjaqjveyp0v4fx32jgvx5l69r8gw27f50xqvgv5sqfmmq69,2000000000000
WINTER-450095,3,erd1pup7epdqhlmt4q99eskups86a3880473ylf0zvp0tmn7d8r785jqfklmu6,2000000000000
WINTER-450095,4,erd13t5r5dth6c4teqnszadm26fd53vfpw2vqkvpt8fknkns0drj7skqj72hdg,2000000000000
WINTER-450095,5,erd1000svql76vhqtq8kn8klqfdy3q4wpzg7f75jk92p67pjpkv626zqlefszz,2000000000000
WINTER-450095,6,erd1yw97h68jdtmag85amdsr8z9hghmxf5u949sc5dd874az7k7h27vq2nf0fp,2000000000000
WINTER-450095,7,erd1l07rxps3vm008sejwrh7gp794cuakant987jc9ct5pd2g6hdkj6q5tmj8y,2000000000000
WINTER-450095,8,erd1k3nwhjhcdjd9pqak95j3ulfrvnctr6qxztrf7ljdpe44gc9pzwjqvsuzd0,2000000000000
WINTER-450095,9,erd1g65ux8kuq9xv34f5hczdch398sp79zf75tezzalhnr2m0rmmlhkq7k983d,2000000000000
WINTER-450095,10,erd1l8nzrg0t7hp9x4tz7gfv2vrw250gzxsy3ra3w2d9fracckmxzk8q7ww882,2000000000000
WINTER-312d18,1,erd1gc5nat2py8qk0k63vnj7ets0pp37h0jenjttx4hqwdgvyqdrjawsz56l7n,8000000000000000
WINTER-312d18,2,erd1ksz47exjllcwrrme7k3lhql5554wnkrx8ayl9kqggpwyqrt27xes87z8tk,2000000000000
WINTER-312d18,3,erd10ugfytgdndw5qmnykemjfpd7xrjs63f0r2qjhug0ek9gnfdjxq4s8qjvcx,2000000000000
WINTER-312d18,4,erd1z24a6g3t9j3l04cc9rmvrrj3mefuwa0u9434nth6m7tjuf62m8csmtq8up,2000000000000
WINTER-312d18,5,erd1x45vnu7shhecfz0v03qqfmy8srndch50cdx7m763p743tzlwah0sgzewlm,2000000000000
WINTER-312d18,6,erd1umdm7fy4fjpmc4gtz2wdz8t0p3nlt88n4gnal2y844unuk8c85rsyfwd3z,2000000000000
WINTER-312d18,7,erd1uryqezahrew0u9v2f3qp09tjppujcqmc5fz304pj4slqnh6uh6kshumnq6,2000000000000
WINTER-312d18,8,erd12stex47hwg0hvx8cfvukj3y3ugs7dm0686k3wasycffexva6ch9s7tvj29,2000000000000
WINTER-312d18,9,erd1lcygvgnpge9zelyxlzldst22r2y5qgvscpcfg5t5r9rhdjr3k9js3kkh7k,2000000000000
WINTER-312d18,10,erd1642edx4waa684y0vzrmfuxr0mxg22jxra8ye5xp6maxcpp5g6jgswpnaul,2000000000000
WINTER-03c72f,1,erd1ayrs3p7c4zv0fh75l34txswhgx7zuk5t067ykp6wwxz6a93stq8sjff4kt,8300000000000000
WINTER-03c72f,2,erd1f0dwxpl3vxe936cla2mkky7nym4g3xn4vgfz497dpupqul8uktzshxqj5l,2000000000000
WINTER-03c72f,3,erd1uryqezahrew0u9v2f3qp09tjppujcqmc5fz304pj4slqnh6uh6kshumnq6,2000000000000
WINTER-03c72f,4,erd1lkmanj8vfnsrsf7j5wh33wr3klmvsuwsh50l9flr53hl554t27asvywhkf,2000000000000
WINTER-03c72f,5,erd1x45vnu7shhecfz0v03qqfmy8srndch50cdx7m763p743tzlwah0sgzewlm,2000000000000
WINTER-03c72f,6,erd1kc7v0lhqu0sclywkgeg4um8ea5nvch9psf2lf8t96j3w622qss8sav2zl8,2000000000000
WINTER-03c72f,7,erd13xsdkqytfuthgfaq867sr0n5sxhvn0twmmlkrd8c29ltvw59d27s2dud48,2000000000000
WINTER-03c72f,8,erd1697297fn0356ksryh6xtedvjfas99cymkdr6f5cfgyyu0ryl5znszduq8q,2000000000000
WINTER-03c72f,9,erd1uqaayhjkqskrx3vrm64nen4tv07k8jn4av6juc8j22w02nhz6vesp7v28g,2000000000000
WINTER-03c72f,10,erd12499vxarkq24rt3gzprlhdpcwekqzz8gu962mp4ggcvr3pcj902s7z4zjy,2000000000000
WINTER-58b267,1,erd1w70f8llwuw6z3c8xcsyjngh7u7pt70s04aa2c553rz4jax4sykysrxzzex,8445000000000000
WINTER-58b267,2,erd1rru3374vq4lzupxvvfhdzyjz6tkfzmlkg9a5rywznknlg5nek0xsjsxjjp,7000000000000
WINTER-58b267,3,erd1cvuvh9tmptc6gjha89rqgyla6smcpqhde3vjuatnw6n9q5ylud3sa94jnc,7000000000000
WINTER-58b267,4,erd1umzx2wqaalnzfjcu0jnhw22x6kj7t5wt2q2jx0y8klfja3q82k5sl3c6ad,7000000000000
WINTER-58b267,5,erd1lcut6fn2crcjy7tzsjuspa94nqjyvews4hyvclr3cy9zzyan2qzsvj4548,7000000000000
WINTER-58b267,6,erd17vjrhjgqq25j8hhhvr959hg8fazrj04kcu26jqdvyt863wa3kkgqnkxvuj,7000000000000
WINTER-58b267,7,erd1eyanl6e752pgz45wcx5lcrtt9r8klpjr8978ej2g6zynl6d5g59qaf40ry,7000000000000
WINTER-58b267,8,erd168hlf9vdh5s7dq7fhuxszvmj3u0nrfyzf0pmd3lnhv6pn25r7ueqh5dth0,7000000000000
WINTER-58b267,9,erd13fxp9pycj8ejrkcsc830crzegqa5ffuffq0347c77ce6lh7ymzmqmxmep9,7000000000000
WINTER-58b267,10,erd1d4sldd7a2hpqkfhnyl2kmcfg45sf8gtf5lz8m9nu5e8nlwgfm9asyj2g8l,7000000000000